id,name,latitude,longitude,demand,min_start_time,max_end_time,service_duration_minutes
1,Location A,38.950000,-77.050000,2,2025-12-23T08:00:00,2025-12-23T12:00:00,20
2,Location B,38.550000,-76.550000,1,2025-12-23T09:00:00,2025-12-23T17:00:00,15
3,Location C,39.050000,-76.750000,3,2025-12-23T10:00:00,2025-12-23T14:00:00,30
4,Location D,38.350000,-77.150000,2,2025-12-23T08:00:00,2025-12-23T16:00:00,20
5,Location E,38.750000,-76.950000,4,2025-12-23T07:00:00,2025-12-23T18:00:00,45
6,Location F,39.250000,-76.650000,1,2025-12-23T09:00:00,2025-12-23T11:00:00,15
7,Location G,38.650000,-77.050000,2,2025-12-23T13:00:00,2025-12-23T17:00:00,30
8,Location H,39.150000,-76.850000,5,2025-12-23T08:00:00,2025-12-23T12:00:00,60
9,Location I,38.250000,-77.350000,2,2025-12-23T09:00:00,2025-12-23T15:00:00,25
10,Location J,38.150000,-76.350000,1,2025-12-23T10:00:00,2025-12-23T18:00:00,10
11,Location K,38.850000,-77.250000,2,2025-12-23T09:00:00,2025-12-23T12:00:00,20
12,Location L,38.450000,-76.650000,1,2025-12-23T15:00:00,2025-12-23T19:00:00,45
13,Location M,39.350000,-76.450000,3,2025-12-23T10:00:00,2025-12-23T16:00:00,30
14,Location N,38.050000,-77.450000,1,2025-12-23T08:00:00,2025-12-23T17:00:00,15
15,Location O,38.950000,-76.750000,4,2025-12-23T08:00:00,2025-12-23T18:00:00,20
16,Location P,38.550000,-77.150000,2,2025-12-23T12:00:00,2025-12-23T15:00:00,30
17,Location Q,39.150000,-76.550000,5,2025-12-23T10:00:00,2025-12-23T20:00:00,60
18,Location R,38.750000,-77.350000,2,2025-12-23T09:00:00,2025-12-23T14:00:00,20
19,Location S,38.350000,-76.250000,1,2025-12-23T14:00:00,2025-12-23T18:00:00,15
20,Location T,39.050000,-77.250000,3,2025-12-23T08:00:00,2025-12-23T20:00:00,90
21,Location 21,38.920000,-77.020000,5,2025-12-23T08:00:00,2025-12-23T12:00:00,30
22,Location 22,38.520000,-76.520000,2,2025-12-23T09:00:00,2025-12-23T17:00:00,15
23,Location 23,39.120000,-76.820000,1,2025-12-23T10:00:00,2025-12-23T15:00:00,20
24,Location 24,38.420000,-77.220000,3,2025-12-23T08:30:00,2025-12-23T16:30:00,25
25,Location 25,38.820000,-76.920000,2,2025-12-23T11:00:00,2025-12-23T14:00:00,20
26,Location 26,39.220000,-76.620000,1,2025-12-23T09:00:00,2025-12-23T18:00:00,15
27,Location 27,38.620000,-77.120000,4,2025-12-23T08:00:00,2025-12-23T12:00:00,45
28,Location 28,39.020000,-76.720000,1,2025-12-23T13:00:00,2025-12-23T17:00:00,15
29,Location 29,38.720000,-77.320000,2,2025-12-23T09:00:00,2025-12-23T15:00:00,30
30,Location 30,38.320000,-76.420000,1,2025-12-23T10:00:00,2025-12-23T16:00:00,20
31,Location 31,39.180000,-76.980000,3,2025-12-23T09:00:00,2025-12-23T13:00:00,25
32,Location 32,38.480000,-77.280000,2,2025-12-23T14:00:00,2025-12-23T18:00:00,20
33,Location 33,38.880000,-76.880000,1,2025-12-23T08:00:00,2025-12-23T12:00:00,15
34,Location 34,39.280000,-76.580000,4,2025-12-23T09:00:00,2025-12-23T17:00:00,40
35,Location 35,38.680000,-77.180000,2,2025-12-23T10:00:00,2025-12-23T14:00:00,25
36,Location 36,39.080000,-76.780000,1,2025-12-23T11:00:00,2025-12-23T15:00:00,15
37,Location 37,38.780000,-77.380000,3,2025-12-23T08:00:00,2025-12-23T16:00:00,30
38,Location 38,38.380000,-76.480000,2,2025-12-23T12:00:00,2025-12-23T17:00:00,20
39,Location 39,39.380000,-76.380000,1,2025-12-23T09:00:00,2025-12-23T13:00:00,15
40,Location 40,38.080000,-77.480000,5,2025-12-23T10:00:00,2025-12-23T18:00:00,50
